Title,Date,Url
Linear Legacy League,07-02-26,https://drive.google.com/file/d/1X57-PPoj6nwfeK1rwBruLM8vlPwaYvOq/preview
Think,31-Jan-26,https://drive.google.com/file/d/1OVQzz7Esaw8lzuYkesYFpYeezzy-hP8M/preview
Samvidhan Stats,03-Jan-26,https://drive.google.com/file/d/1AohnCQBr58hXcSfuXN7DTO2XkOyyq12H/preview
Maths Magic,20-Dec-25,https://drive.google.com/file/d/1lLDH7XREhAWFe5TbGI0OMPXmEKz6dknC/preview
Think Maths Think Different,15-Nov-25,https://drive.google.com/file/d/1lNwTTQGX9s-aQMuaiTKCLXzVfKGSePiT/preview
Riddle Frenzy Hunt,01-Nov-25,https://drive.google.com/file/d/1JDd-dz0YtI5QjHUmu_9gOHltepsETM_2/preview
Pick one,18-Oct-25,https://drive.google.com/file/d/1jQrhr-n4Np_GhWIXih1QYf1cc4qRbXx3/preview
Math O Mania,27-Sep-25,https://drive.google.com/file/d/1Z7-msyk8o5lbbioBksNQVa0-0lmovd3n/preview
Fun with Numbers,20-Sep-25,https://drive.google.com/file/d/1ef89dp6f7IdLiyBC2GiyPOYawBmp-F4e/preview
#Boxed,13-Sep-25,https://drive.google.com/file/d/1K2uG2FqLWFTrG7HPgquqcfNTYNwOEkKF/preview
Lab Lockdown,23-Aug-25,https://drive.google.com/file/d/1grwztCeEy2RPWAS2dTWHPCuwSpDWEYjI/preview
Akinator,01-Aug-25,https://drive.google.com/file/d/1P5X7aTyYS7wApWTuPpeZWx1v6rOx_QU8/preview
APtit,19-Jul-25,https://drive.google.com/file/d/1jX0kkW-ehH6wUSAGLQS8mjJ-17r9IxB6/preview
Mathagrams,05-Jul-25,https://drive.google.com/file/d/1IOn0a56mMZAHYD0xq67cZk-nd3BByAm4/preview
Brain games,03-May-25,https://drive.google.com/file/d/18m_zxtvNGEIp_kqH_Cxe8FikLdWfRR3N/preview
Bet & Get,12-Apr-25,https://drive.google.com/file/d/10PbZY40Jqb34ifJJz1Bp9scrogKwu1Km/preview
Thought Tangle,29-03-25,https://drive.google.com/file/d/1n3R0OIV4km9e34fxL0zh4GrnWeFVncyc/preview
